Q2,xB,minus_t,sigma_U,sigma_U_stat,sigma_U_sys,sigma_LT,sigma_LT_stat,sigma_LT_sys,sigma_TT,sigma_TT_stat,sigma_TT_sys
1.14,0.131,0.12,341.0,40.0,59.0,-30.0,68.0,114.0,-240.0,111.0,156.0
1.15,0.132,0.17,314.0,40.0,75.0,-76.0,69.0,126.0,-292.0,108.0,215.0
1.15,0.132,0.25,267.0,19.0,15.0,-42.0,32.0,37.0,-233.0,55.0,21.0
1.15,0.132,0.35,188.0,13.0,33.0,-50.0,23.0,43.0,-179.0,43.0,66.0
1.15,0.132,0.49,126.3,4.7,10.0,-15.0,8.0,5.5,-78.0,19.0,8.1
1.15,0.132,0.77,66.0,2.0,7.9,3.8,3.1,6.4,-39.8,7.8,16.0
1.16,0.133,1.71,17.8,2.0,1.6,4.3,1.2,2.0,-21.2,6.6,7.7
1.38,0.169,0.12,357.0,13.0,35.0,19.0,19.0,30.0,-191.0,42.0,47.0
1.38,0.169,0.17,366.0,15.0,24.0,2.0,22.0,21.0,-247.0,46.0,53.0
1.38,0.169,0.25,331.0,12.0,16.0,19.0,18.0,17.0,-202.0,36.0,49.0
1.38,0.169,0.35,254.0,10.0,13.0,17.0,15.0,24.0,-153.0,32.0,25.0
1.38,0.169,0.49,166.2,5.1,12.0,-15.4,7.1,12.0,-109.0,18.0,18.0
1.38,0.169,0.77,83.4,3.3,4.1,9.7,4.4,10.0,-48.5,9.6,5.4
1.38,0.169,1.21,39.6,1.7,3.8,4.0,1.7,1.9,-40.8,4.5,3.0
1.38,0.17,1.71,15.3,1.4,1.5,0.81,0.8,1.6,-13.6,4.0,5.1
1.61,0.186,0.12,276.0,17.0,46.0,17.0,29.0,58.0,-180.0,64.0,71.0
1.61,0.186,0.18,345.0,25.0,57.0,36.0,42.0,102.0,-103.0,82.0,87.0
1.61,0.187,0.25,276.0,15.0,7.0,0.0,26.0,21.0,-171.0,52.0,41.0
1.61,0.187,0.35,223.0,12.0,11.0,-14.0,20.0,11.0,-143.0,46.0,46.0
1.61,0.187,0.49,159.8,6.3,11.0,20.0,10.0,11.0,-58.0,25.0,19.0
1.61,0.187,0.78,82.4,3.2,7.1,5.6,4.8,19.0,-30.0,12.0,27.0
1.61,0.187,1.21,34.5,2.3,3.0,0.1,3.3,1.7,-24.9,6.4,6.6
1.61,0.187,1.71,16.0,1.9,1.6,2.3,1.8,2.2,-12.2,6.2,4.6
1.74,0.223,0.25,316.7,6.7,9.2,14.9,8.5,19.0,-232.0,20.0,44.0
1.75,0.223,0.12,293.3,7.8,24.0,16.2,9.8,12.0,-72.0,23.0,13.0
1.75,0.223,0.17,339.3,8.9,26.0,35.0,11.0,8.3,-243.0,28.0,26.0
1.75,0.224,0.35,260.5,7.0,13.0,32.1,9.2,5.0,-183.0,22.0,20.0
1.75,0.224,0.49,184.4,5.0,8.6,3.6,6.3,3.7,-116.0,15.0,20.0
1.75,0.224,0.78,102.2,2.4,5.4,9.2,3.1,5.0,-61.0,7.3,12.0
1.75,0.224,1.22,44.5,1.4,3.0,6.3,1.3,2.2,-21.2,4.1,6.0
1.75,0.224,1.72,19.0,1.0,4.4,2.24,0.85,3.2,-12.3,3.0,5.4
1.87,0.27,0.12,342.0,74.0,108.0,1.0,86.0,72.0,-150.0,103.0,101.0
1.87,0.271,0.18,437.0,54.0,90.0,7.0,64.0,74.0,16.0,91.0,167.0
1.87,0.271,0.25,412.0,19.0,32.0,20.0,21.0,20.0,-233.0,34.0,39.0
1.87,0.271,0.35,374.0,14.0,26.0,27.0,13.0,20.0,-293.0,28.0,41.0
1.87,0.271,0.49,259.5,7.3,13.0,25.1,7.2,6.1,-167.0,19.0,14.0
1.87,0.271,0.78,151.8,4.1,7.8,6.4,4.2,5.7,-59.0,12.0,4.6
1.87,0.271,1.22,77.7,3.0,5.5,-5.7,2.3,2.8,-36.4,7.4,5.6
1.87,0.272,1.72,39.2,2.1,3.5,-7.0,1.9,1.9,-22.9,4.6,3.8
1.95,0.313,0.35,470.0,44.0,82.0,-13.0,34.0,18.0,-183.0,77.0,58.0
1.95,0.313,0.49,339.0,23.0,21.0,21.0,15.0,34.0,-140.0,50.0,43.0
1.95,0.313,0.78,202.0,12.0,13.0,-11.1,9.4,5.8,-67.0,31.0,23.0
1.96,0.313,1.22,129.4,9.6,17.0,-24.8,8.3,6.7,-39.0,22.0,21.0
2.1,0.238,0.12,258.0,33.0,81.0,79.0,51.0,109.0,179.0,126.0,218.0
2.1,0.238,0.35,219.0,18.0,8.1,95.0,31.0,10.0,91.0,72.0,46.0
2.1,0.238,0.49,132.5,8.9,13.0,-53.0,15.0,9.0,-105.0,41.0,28.0
2.1,0.238,0.78,92.6,8.9,9.2,-8.0,13.0,12.0,21.0,35.0,32.0
2.1,0.238,1.21,40.0,21.0,16.0,-6.0,35.0,31.0,-23.0,43.0,27.0
2.1,0.239,0.17,228.0,29.0,148.0,-13.0,49.0,265.0,-7.0,119.0,268.0
2.1,0.239,0.25,240.0,20.0,24.0,57.0,36.0,30.0,47.0,83.0,106.0
2.21,0.275,0.12,241.0,25.0,11.0,-44.0,36.0,9.0,29.0,58.0,17.0
2.21,0.276,0.17,257.0,12.0,18.0,-6.0,17.0,13.0,-13.0,38.0,41.0
2.21,0.276,0.25,268.8,9.8,19.0,-6.0,13.0,20.0,-54.0,29.0,30.0
2.21,0.276,0.35,242.0,11.0,11.0,32.0,14.0,12.0,-102.0,34.0,22.0
2.21,0.276,0.49,193.5,7.1,17.0,41.1,9.4,20.0,-56.0,22.0,47.0
2.21,0.276,0.78,101.4,3.0,6.6,7.3,4.3,7.0,-69.0,10.0,10.0
2.21,0.277,1.22,50.0,2.0,3.3,5.8,2.3,3.9,-22.5,6.9,2.4
2.21,0.277,1.72,20.8,1.5,3.1,-0.1,1.8,2.3,-10.1,4.8,5.3
2.24,0.332,0.18,330.0,44.0,31.0,14.0,53.0,37.0,-114.0,80.0,118.0
2.24,0.337,0.25,392.0,19.0,44.0,-8.0,20.0,34.0,-53.0,34.0,27.0
2.24,0.338,0.49,293.7,6.5,15.0,26.4,5.5,13.0,-137.0,14.0,12.0
2.25,0.337,0.35,346.0,12.0,14.0,40.0,11.0,12.0,-152.0,24.0,15.0
2.25,0.338,0.78,200.8,3.8,13.0,-2.1,3.3,5.0,-78.6,9.7,10.0
2.25,0.339,1.22,110.2,2.6,5.4,-13.3,2.3,4.2,-50.4,6.5,6.1
2.25,0.339,1.73,49.9,1.7,4.6,-6.5,1.8,5.7,-32.3,3.7,5.8
2.34,0.403,0.35,472.0,48.0,53.0,-6.0,60.0,79.0,-24.0,105.0,210.0
2.34,0.403,0.49,475.0,20.0,39.0,-22.0,23.0,27.0,-17.0,51.0,53.0
2.34,0.404,0.78,377.0,11.0,17.0,-22.0,10.0,5.8,-150.0,26.0,19.0
2.34,0.404,1.22,192.8,7.4,13.0,-37.3,7.9,4.4,-67.0,16.0,43.0
2.35,0.404,1.73,90.5,6.6,3.1,-22.4,7.4,5.7,-13.0,12.0,8.4
2.71,0.336,0.18,230.0,35.0,29.0,-78.0,52.0,84.0,60.0,90.0,188.0
2.71,0.343,0.25,217.3,8.1,10.0,-6.0,10.0,4.3,-76.0,27.0,22.0
2.71,0.343,0.35,220.5,8.1,8.0,15.5,9.8,7.6,-97.0,27.0,28.0
2.71,0.343,0.49,183.8,6.0,9.4,17.0,7.4,12.0,-120.0,19.0,31.0
2.71,0.343,1.22,51.3,2.4,4.5,9.0,2.7,5.0,-31.5,9.7,16.0
2.72,0.344,0.78,110.4,3.6,5.8,1.8,4.7,5.8,-99.0,14.0,20.0
2.72,0.344,1.73,28.7,1.9,3.5,-2.9,2.2,2.0,-17.2,5.6,9.2
2.75,0.423,0.5,323.0,19.0,21.0,-8.0,23.0,16.0,-60.0,40.0,16.0
2.75,0.423,0.78,232.4,6.9,17.0,4.3,6.4,16.0,-58.0,17.0,24.0
2.75,0.424,1.23,140.7,4.9,9.0,-25.8,5.6,5.8,-16.0,13.0,12.0
2.75,0.424,1.73,69.3,4.6,2.9,-12.8,5.3,3.7,-2.7,9.6,12.0
3.12,0.362,0.35,219.0,33.0,139.0,1.0,53.0,213.0,27.0,114.0,398.0
3.12,0.362,0.5,167.0,14.0,20.0,1.0,23.0,59.0,-21.0,71.0,56.0
3.22,0.431,0.78,138.4,6.2,6.5,15.0,7.9,5.5,-77.0,17.0,16.0
3.23,0.428,0.35,277.0,22.0,15.0,-80.0,29.0,16.0,67.0,48.0,20.0
3.23,0.43,0.5,201.0,12.0,17.0,10.0,16.0,17.0,-46.0,30.0,31.0
3.23,0.432,1.23,75.5,3.8,9.2,5.6,4.3,12.0,-77.0,11.0,32.0
3.23,0.432,1.73,65.4,5.0,6.7,18.8,5.7,6.2,35.0,14.0,15.0
3.29,0.496,1.23,140.0,17.0,18.0,-12.0,23.0,9.7,-54.0,45.0,12.0
3.67,0.451,0.78,145.0,36.0,23.0,-22.0,35.0,28.0,8.0,101.0,56.0
3.67,0.451,1.23,77.0,15.0,1.8,2.0,17.0,2.9,-24.0,48.0,8.8
3.68,0.451,0.49,185.0,26.0,18.0,-32.0,39.0,29.0,-38.0,66.0,57.0
3.68,0.451,1.73,47.0,6.9,3.9,-14.7,9.4,7.3,-27.0,27.0,7.9
3.76,0.513,0.78,190.0,37.0,40.0,24.0,46.0,37.0,-39.0,56.0,41.0
3.76,0.514,1.23,132.0,13.0,11.0,1.0,14.0,8.4,-17.0,37.0,40.0
4.23,0.539,0.78,178.0,42.0,45.0,-28.0,60.0,57.0,-34.0,74.0,64.0
