row,Q2,xB,minus_t,sigma_U,sigma_U_stat,sigma_U_sys,sigma_LT,sigma_LT_stat,sigma_LT_sys,sigma_TT,sigma_TT_stat,sigma_TT_sys,reported_global_scale
1,1.18,0.126,0.129,166.0,7.56,0,11.3,1.92,0,-136.0,11.0,0,1.3
2,1.18,0.175,0.132,255.0,16.8,0,25.6,8.19,0,-196.0,25.3,0,1.3
3,1.19,0.224,0.134,-122.0,98.1,0,220.0,43.5,0,-478.0,76.4,0,1.3
4,1.7,0.125,0.13,75.2,52.0,0,-15.5,47.2,0,10.0,61.3,0,1.3
5,1.72,0.177,0.134,123.0,23.8,0,2.07,14.1,0,-51.7,34.7,0,1.3
6,1.7,0.224,0.136,377.0,257.0,0,-83.4,116.0,0,22.3,164.0,0,1.3
7,1.19,0.127,0.176,127.0,5.44,0,2.45,1.46,0,-88.4,8.02,0,1.3
8,1.19,0.176,0.175,299.0,8.52,0,6.92,2.1,0,-256.0,11.0,0,1.3
9,1.2,0.225,0.176,421.0,51.7,0,27.1,24.2,0,-344.0,46.8,0,1.3
10,1.3,0.269,0.176,-502.0,179.0,0,395.0,76.2,0,-890.0,128.0,0,1.3
11,1.69,0.128,0.175,64.9,6.3,0,1.47,3.55,0,-33.2,15.8,0,1.3
12,1.72,0.176,0.176,109.0,7.24,0,4.5,3.38,0,-70.2,12.7,0,1.3
13,1.71,0.225,0.176,240.0,42.6,0,-11.8,21.7,0,-119.0,43.2,0,1.3
14,1.73,0.275,0.177,779.0,246.0,0,-194.0,103.0,0,172.0,142.0,0,1.3
15,2.19,0.225,0.177,162.0,51.6,0,-28.6,30.3,0,-7.79,57.7,0,1.3
16,2.21,0.274,0.178,463.0,332.0,0,-125.0,150.0,0,56.8,189.0,0,1.3
17,1.19,0.128,0.25,138.0,3.95,0,1.88,0.975,0,-97.9,6.03,0,1.3
18,1.19,0.175,0.249,305.0,6.24,0,4.35,1.67,0,-260.0,8.55,0,1.3
19,1.2,0.225,0.248,542.0,27.3,0,-43.1,13.0,0,-207.0,29.8,0,1.3
20,1.3,0.27,0.248,434.0,80.6,0,15.7,35.2,0,-231.0,61.2,0,1.3
21,1.69,0.13,0.247,61.8,3.85,0,5.53,1.7,0,-38.8,9.23,0,1.3
22,1.73,0.177,0.249,124.0,4.83,0,0.113,1.67,0,-93.2,7.48,0,1.3
23,1.72,0.227,0.248,215.0,7.28,0,3.93,2.67,0,-171.0,10.7,0,1.3
24,1.73,0.275,0.251,302.0,10.5,0,12.6,3.14,0,-210.0,14.3,0,1.3
25,1.77,0.33,0.254,304.0,23.6,0,14.7,10.1,0,-153.0,25.4,0,1.3
26,2.22,0.177,0.248,56.2,3.83,0,1.68,1.87,0,-19.8,8.95,0,1.3
27,2.22,0.227,0.251,115.0,6.15,0,-1.55,3.02,0,-71.0,10.8,0,1.3
28,2.22,0.276,0.253,150.0,6.72,0,7.06,2.06,0,-99.4,10.3,0,1.3
29,2.22,0.336,0.258,261.0,14.6,0,0.543,6.96,0,-67.1,20.2,0,1.3
30,2.71,0.277,0.253,88.2,6.85,0,4.8,3.0,0,-17.0,12.7,0,1.3
31,2.71,0.336,0.263,157.0,11.7,0,1.37,6.09,0,-24.3,18.4,0,1.3
32,2.72,0.377,0.266,171.0,24.4,0,-29.0,12.2,0,38.9,31.7,0,1.3
33,3.21,0.338,0.266,95.1,9.99,0,-6.61,5.95,0,-3.42,19.1,0,1.3
34,3.21,0.378,0.269,140.0,36.1,0,-25.9,20.0,0,-7.77,38.8,0,1.3
35,1.18,0.129,0.349,110.0,3.23,0,1.4,0.843,0,-77.4,4.94,0,1.3
36,1.19,0.176,0.35,213.0,4.72,0,5.48,1.35,0,-160.0,6.42,0,1.3
37,1.2,0.225,0.351,326.0,6.11,0,9.17,1.48,0,-275.0,7.81,0,1.3
38,1.31,0.27,0.351,358.0,20.5,0,35.3,9.89,0,-334.0,26.7,0,1.3
39,1.7,0.131,0.347,41.7,3.02,0,0.835,1.38,0,-30.1,7.6,0,1.3
40,1.73,0.176,0.348,92.6,3.96,0,1.47,1.17,0,-68.9,6.12,0,1.3
41,1.73,0.228,0.351,167.0,5.6,0,0.39,1.47,0,-139.0,7.51,0,1.3
42,1.74,0.276,0.35,290.0,8.36,0,7.11,2.67,0,-195.0,12.3,0,1.3
43,1.79,0.332,0.349,330.0,10.0,0,21.3,3.52,0,-255.0,14.3,0,1.3
44,2.21,0.178,0.348,43.2,3.55,0,1.88,1.21,0,-35.4,7.36,0,1.3
45,2.21,0.228,0.35,89.2,5.64,0,3.41,2.86,0,-61.8,8.81,0,1.3
46,2.22,0.276,0.349,141.0,5.67,0,2.57,1.57,0,-105.0,8.48,0,1.3
47,2.22,0.341,0.35,220.0,6.16,0,9.67,1.95,0,-121.0,9.6,0,1.3
48,2.71,0.227,0.352,55.0,5.69,0,5.03,3.08,0,-33.0,11.2,0,1.3
49,2.7,0.278,0.353,87.0,6.95,0,4.72,3.78,0,-37.9,12.1,0,1.3
50,2.72,0.343,0.352,136.0,5.23,0,2.07,1.98,0,-52.8,8.25,0,1.3
51,2.74,0.42,0.359,211.0,11.3,0,-3.49,5.5,0,-29.3,16.3,0,1.3
52,3.22,0.343,0.351,93.0,5.5,0,0.888,2.18,0,-29.3,9.42,0,1.3
53,3.22,0.427,0.359,131.0,8.85,0,0.112,4.52,0,-50.1,13.3,0,1.3
54,3.71,0.344,0.354,58.1,5.8,0,1.04,3.31,0,-5.85,11.5,0,1.3
55,3.72,0.427,0.361,93.4,12.3,0,-7.88,6.98,0,-1.88,17.8,0,1.3
56,4.25,0.431,0.36,60.9,10.1,0,-6.45,6.42,0,4.46,15.3,0,1.3
57,1.17,0.129,0.493,76.2,1.7,0,-3.31,0.528,0,-53.3,2.74,0,1.3
58,1.19,0.176,0.496,165.0,2.6,0,-1.37,0.593,0,-134.0,3.42,0,1.3
59,1.21,0.225,0.495,257.0,3.44,0,4.03,0.805,0,-213.0,4.59,0,1.3
60,1.31,0.27,0.495,296.0,7.23,0,-0.502,2.85,0,-228.0,10.1,0,1.3
61,1.69,0.132,0.49,27.2,1.55,0,0.859,0.876,0,-14.7,4.1,0,1.3
62,1.72,0.176,0.493,70.1,2.23,0,-2.8,0.651,0,-51.4,3.52,0,1.3
63,1.72,0.227,0.499,133.0,3.42,0,-1.45,0.982,0,-94.8,4.83,0,1.3
64,1.74,0.276,0.496,230.0,5.01,0,-1.87,1.15,0,-196.0,7.16,0,1.3
65,1.8,0.332,0.49,280.0,5.57,0,3.15,1.84,0,-219.0,8.15,0,1.3
66,2.2,0.18,0.492,37.4,2.05,0,-0.692,0.87,0,-21.9,4.28,0,1.3
67,2.22,0.228,0.498,70.5,2.9,0,-0.653,0.959,0,-48.3,4.33,0,1.3
68,2.23,0.276,0.495,128.0,3.94,0,-1.07,1.23,0,-91.1,6.0,0,1.3
69,2.23,0.342,0.495,199.0,3.83,0,-1.34,1.25,0,-104.0,5.89,0,1.3
70,2.3,0.402,0.495,290.0,8.48,0,5.03,3.58,0,-181.0,14.1,0,1.3
71,2.71,0.227,0.497,38.5,2.85,0,-2.12,1.18,0,-22.8,5.32,0,1.3
72,2.71,0.278,0.495,65.4,3.84,0,-0.635,1.83,0,-33.2,6.16,0,1.3
73,2.72,0.343,0.497,119.0,3.03,0,-4.74,1.07,0,-51.8,4.9,0,1.3
74,2.74,0.425,0.501,220.0,4.82,0,1.54,1.86,0,-109.0,7.3,0,1.3
75,3.21,0.279,0.492,44.3,5.03,0,3.63,2.89,0,-24.3,7.35,0,1.3
76,3.21,0.345,0.501,75.2,3.1,0,-0.717,1.14,0,-41.6,5.1,0,1.3
77,3.22,0.43,0.503,146.0,4.0,0,-0.951,1.69,0,-52.3,6.39,0,1.3
78,3.71,0.348,0.502,42.3,2.68,0,-0.655,1.28,0,-14.9,5.16,0,1.3
79,3.72,0.431,0.504,96.6,3.75,0,2.62,1.53,0,-48.6,5.97,0,1.3
80,3.75,0.513,0.514,145.0,8.1,0,-6.63,3.95,0,-38.0,12.2,0,1.3
81,4.27,0.345,0.498,41.1,6.83,0,5.68,5.17,0,-12.5,9.9,0,1.3
82,4.26,0.433,0.503,56.8,2.73,0,-0.648,1.34,0,-25.1,4.67,0,1.3
83,4.26,0.521,0.525,84.9,5.14,0,3.26,2.63,0,-18.6,9.08,0,1.3
84,5.09,0.437,0.505,27.3,1.63,0,-1.16,1.09,0,-5.44,3.26,0,1.3
85,5.09,0.517,0.529,42.9,3.45,0,-2.0,2.1,0,-6.73,5.61,0,1.3
86,1.18,0.129,0.768,38.5,0.865,0,-1.52,0.303,0,-28.0,1.36,0,1.3
87,1.19,0.177,0.771,93.7,1.36,0,-4.09,0.358,0,-69.4,1.85,0,1.3
88,1.22,0.224,0.764,147.0,1.94,0,-4.99,0.472,0,-127.0,2.33,0,1.3
89,1.31,0.269,0.765,159.0,6.48,0,6.0,2.81,0,-176.0,6.43,0,1.3
90,1.69,0.132,0.777,14.2,0.793,0,0.175,0.481,0,-8.26,1.85,0,1.3
91,1.7,0.178,0.781,39.6,1.16,0,-1.13,0.392,0,-30.6,1.9,0,1.3
92,1.73,0.227,0.786,77.6,1.66,0,-4.0,0.383,0,-57.8,2.42,0,1.3
93,1.74,0.275,0.775,127.0,2.39,0,-4.09,0.539,0,-100.0,3.22,0,1.3
94,1.79,0.33,0.775,178.0,4.24,0,-3.96,1.74,0,-139.0,5.58,0,1.3
95,2.2,0.179,0.773,20.1,1.05,0,-2.48,0.544,0,-16.2,2.33,0,1.3
96,2.21,0.229,0.781,41.6,1.49,0,-1.75,0.408,0,-32.5,2.38,0,1.3
97,2.22,0.276,0.781,67.9,1.93,0,-4.32,0.514,0,-45.2,2.87,0,1.3
98,2.24,0.341,0.771,126.0,2.27,0,-5.26,0.65,0,-85.1,3.38,0,1.3
99,2.31,0.402,0.759,178.0,6.23,0,-8.68,3.25,0,-96.8,9.87,0,1.3
100,2.69,0.229,0.776,26.0,1.58,0,-0.0642,0.686,0,-18.6,2.96,0,1.3
101,2.72,0.277,0.786,45.8,1.98,0,-2.23,0.645,0,-28.3,3.17,0,1.3
102,2.73,0.342,0.778,75.4,1.87,0,-3.39,0.626,0,-41.1,2.93,0,1.3
103,2.76,0.425,0.773,154.0,2.84,0,-4.67,1.12,0,-82.7,4.7,0,1.3
104,3.22,0.278,0.782,24.9,1.93,0,0.0491,0.862,0,-13.2,3.44,0,1.3
105,3.22,0.345,0.783,49.7,1.94,0,-2.29,0.705,0,-29.9,3.09,0,1.3
106,3.23,0.433,0.783,105.0,2.26,0,-3.58,0.886,0,-47.4,3.73,0,1.3
107,3.72,0.346,0.78,34.8,2.5,0,0.487,1.45,0,-16.2,3.88,0,1.3
108,3.72,0.434,0.782,75.4,2.3,0,-3.18,0.989,0,-25.8,3.9,0,1.3
109,3.76,0.514,0.791,143.0,4.95,0,-6.3,2.39,0,-64.4,8.44,0,1.3
110,4.27,0.346,0.787,23.0,2.16,0,1.13,1.19,0,-14.8,3.35,0,1.3
111,4.26,0.436,0.787,46.6,1.75,0,-0.865,0.82,0,-20.5,2.97,0,1.3
112,4.28,0.53,0.788,96.9,3.58,0,-4.83,1.8,0,-35.1,6.25,0,1.3
113,5.14,0.437,0.784,23.9,1.25,0,-0.647,0.877,0,-4.77,2.37,0,1.3
114,5.17,0.533,0.789,52.3,1.71,0,-0.482,0.927,0,-22.9,3.11,0,1.3
115,6.5,0.533,0.806,23.2,1.67,0,-1.04,1.25,0,-4.84,4.07,0,1.3
116,6.55,0.609,0.861,34.4,4.93,0,0.0803,3.16,0,-11.9,8.09,0,1.3
117,1.17,0.13,1.21,18.2,0.613,0,-1.47,0.218,0,-12.5,0.917,0,1.3
118,1.21,0.176,1.2,38.9,0.912,0,-2.19,0.198,0,-33.1,1.18,0,1.3
119,1.25,0.223,1.18,63.7,2.37,0,-7.51,0.926,0,-38.4,1.97,0,1.3
120,1.34,0.269,1.17,124.0,15.6,0,-35.9,6.41,0,12.4,9.26,0,1.3
121,1.69,0.132,1.19,7.72,0.687,0,0.186,0.336,0,-7.59,1.41,0,1.3
122,1.71,0.179,1.22,19.7,0.782,0,-1.94,0.306,0,-11.8,1.28,0,1.3
123,1.74,0.225,1.21,33.4,0.953,0,-2.22,0.271,0,-24.4,1.44,0,1.3
124,1.76,0.275,1.21,62.6,1.9,0,-4.86,0.685,0,-46.2,2.38,0,1.3
125,1.8,0.329,1.19,122.0,9.33,0,-25.6,3.96,0,-26.2,6.33,0,1.3
126,2.2,0.18,1.21,11.4,0.928,0,-0.14,0.547,0,-7.42,1.86,0,1.3
127,2.2,0.229,1.22,20.9,0.898,0,-1.48,0.378,0,-12.8,1.61,0,1.3
128,2.23,0.275,1.22,30.4,1.01,0,-2.42,0.307,0,-17.8,1.55,0,1.3
129,2.25,0.338,1.21,59.7,1.55,0,-2.55,0.435,0,-51.5,2.04,0,1.3
130,2.32,0.401,1.2,91.5,9.13,0,-12.8,4.13,0,-37.3,8.38,0,1.3
131,2.7,0.23,1.24,13.1,1.32,0,0.981,0.797,0,-6.44,2.53,0,1.3
132,2.71,0.277,1.21,22.4,1.32,0,-1.97,0.659,0,-15.1,2.43,0,1.3
133,2.73,0.341,1.22,38.1,1.15,0,-3.17,0.339,0,-24.8,1.76,0,1.3
134,2.77,0.423,1.2,74.8,2.5,0,-1.89,1.19,0,-57.8,4.07,0,1.3
135,3.2,0.277,1.24,15.4,4.06,0,0.812,3.14,0,-5.41,6.64,0,1.3
136,3.22,0.344,1.22,29.0,1.56,0,-1.53,0.723,0,-12.9,2.35,0,1.3
137,3.24,0.432,1.21,59.7,1.71,0,-3.74,0.723,0,-32.9,3.03,0,1.3
138,3.72,0.346,1.22,19.9,1.79,0,-0.318,0.975,0,-9.57,2.71,0,1.3
139,3.73,0.434,1.22,43.2,2.42,0,-1.62,1.22,0,-19.9,3.7,0,1.3
140,3.77,0.513,1.22,85.4,3.52,0,-5.94,1.72,0,-44.2,6.35,0,1.3
141,4.26,0.346,1.22,11.1,16.1,0,-1.05,11.6,0,-8.64,13.6,0,1.3
142,4.28,0.434,1.23,30.3,3.25,0,1.22,1.89,0,-13.4,3.83,0,1.3
143,4.29,0.53,1.23,65.9,2.66,0,-3.56,1.2,0,-36.3,4.41,0,1.3
144,5.15,0.438,1.24,14.4,1.35,0,-0.0606,0.955,0,-6.67,1.98,0,1.3
145,5.16,0.533,1.23,33.1,1.62,0,-2.47,0.934,0,-21.5,2.9,0,1.3
146,6.42,0.535,1.24,17.8,2.11,0,0.683,1.54,0,-8.36,4.11,0,1.3
147,6.43,0.616,1.24,40.4,4.12,0,1.38,2.54,0,-17.0,8.03,0,1.3
148,1.18,0.131,1.7,7.69,0.635,0,-0.465,0.355,0,-7.59,1.06,0,1.3
149,1.25,0.173,1.71,14.8,0.773,0,-1.37,0.35,0,-12.9,1.5,0,1.3
150,1.29,0.222,1.69,20.3,6.05,0,0.573,2.67,0,-31.2,4.99,0,1.3
151,1.72,0.18,1.72,5.96,1.24,0,-2.68,0.925,0,-8.05,2.28,0,1.3
152,1.75,0.225,1.69,19.6,1.41,0,-0.547,0.747,0,-18.4,2.27,0,1.3
153,1.79,0.272,1.7,26.4,3.8,0,-4.7,1.7,0,-15.3,4.07,0,1.3
154,1.79,0.327,1.69,140.0,27.6,0,-47.0,11.0,0,36.2,15.4,0,1.3
155,2.22,0.228,1.72,7.99,1.06,0,-1.59,0.69,0,-9.46,2.03,0,1.3
156,2.25,0.275,1.7,14.4,1.24,0,-2.5,0.716,0,-16.7,2.37,0,1.3
157,2.27,0.337,1.7,39.3,3.47,0,-8.99,1.62,0,-7.89,3.0,0,1.3
158,2.31,0.4,1.7,68.9,17.9,0,-20.5,7.51,0,8.34,10.7,0,1.3
159,2.71,0.277,1.72,9.54,1.81,0,-1.44,1.11,0,-8.79,2.52,0,1.3
160,2.74,0.34,1.72,20.7,1.18,0,-1.73,0.582,0,-19.9,2.16,0,1.3
161,2.78,0.419,1.71,48.0,6.11,0,-10.8,2.71,0,-14.9,7.32,0,1.3
162,3.22,0.342,1.71,13.8,2.19,0,-2.18,1.26,0,-14.1,2.9,0,1.3
163,3.24,0.429,1.72,29.8,2.09,0,-3.82,0.955,0,-27.5,4.15,0,1.3
164,3.71,0.345,1.73,18.5,10.9,0,5.0,6.66,0,-0.898,8.93,0,1.3
165,3.73,0.435,1.72,23.1,3.04,0,-0.51,1.57,0,-13.6,3.94,0,1.3
166,3.77,0.512,1.72,50.3,7.9,0,4.9,3.1,0,-26.5,12.5,0,1.3
167,4.27,0.346,1.72,9.63,11.2,0,1.08,8.35,0,-3.05,10.8,0,1.3
168,4.27,0.433,1.74,16.4,5.45,0,0.929,3.23,0,-8.79,5.42,0,1.3
169,4.3,0.529,1.73,49.1,8.29,0,-0.867,3.71,0,-9.05,11.3,0,1.3
170,5.13,0.437,1.73,8.31,2.17,0,-0.582,1.64,0,-4.48,3.02,0,1.3
171,5.16,0.536,1.73,21.3,2.0,0,-2.53,1.19,0,-17.1,3.42,0,1.3
172,6.41,0.533,1.73,16.9,4.38,0,0.211,2.96,0,-0.353,7.79,0,1.3
173,6.45,0.618,1.73,29.6,4.89,0,-2.24,2.34,0,-7.77,11.4,0,1.3
174,7.56,0.647,1.74,18.7,2.32,0,0.821,1.52,0,0.0224,4.88,0,1.3
